QuestionText,QuestionLink,Asker,Edits,QuestionsAsked,Answers,Facebook,Sex,Location,Banned,Followers,Following
What are some short stories about fathers?,https://www.quora.com/What-are-some-short-stories-about-fathers,,,,,,,,,,
What 3 pearls of wisdom would you give a 1st time CEO of a small technology startup (product yet to be launched)?,https://www.quora.com/What-3-pearls-of-wisdom-would-you-give-a-1st-time-CEO-of-a-small-technology-startup-product-yet-to-be-launched,,,,,,,,,,
What are best mind blowing books by Indian authors? Why?,https://www.quora.com/What-are-best-mind-blowing-books-by-Indian-authors-Why,,,,,,,,,,
"Why do strangers not talk to each other on the NYC subway, even though I have a feeling most would want to?",https://www.quora.com/Why-do-strangers-not-talk-to-each-other-on-the-NYC-subway-even-though-I-have-a-feeling-most-would-want-to,,,,,,,,,,
Where is the file manager for Moto G 2nd generation?,https://www.quora.com/Where-is-the-file-manager-for-Moto-G-2nd-generation,,,,,,,,,,
What is a good book?,https://www.quora.com/What-is-a-good-book-3,,,,,,,,,,
How does it feel to travel alone?,https://www.quora.com/How-does-it-feel-to-travel-alone,,,,,,,,,,
Would you eat less meat if you had to kill it all yourself?,https://www.quora.com/Would-you-eat-less-meat-if-you-had-to-kill-it-all-yourself,,,,,,,,,,
Do you think Actor Shahrukh Khan is a pakistani agent?,https://www.quora.com/Do-you-think-Actor-Shahrukh-Khan-is-a-pakistani-agent,,,,,,,,,,
How can I make my life simpler?,https://www.quora.com/How-can-I-make-my-life-simpler,,,,,,,,,,
I am a doctor. I have completed an MS in general surgery and I am doing an MCh in urology (super specialty). How can I migrate to Australia as a urologist?,https://www.quora.com/I-am-a-doctor-I-have-completed-an-MS-in-general-surgery-and-I-am-doing-an-MCh-in-urology-super-specialty-How-can-I-migrate-to-Australia-as-a-urologist,,,,,,,,,,
"What's a good story about someone being considered ""special?""",https://www.quora.com/Whats-a-good-story-about-someone-being-considered-special,,,,,,,,,,
What does www mean?,https://www.quora.com/What-does-www-mean,,,,,,,,,,
What are the best lines from the lyrics of Bollywood songs?,https://www.quora.com/What-are-the-best-lines-from-the-lyrics-of-Bollywood-songs,,,,,,,,,,
What are some good reasons to major in pure mathematics?,https://www.quora.com/What-are-some-good-reasons-to-major-in-pure-mathematics,,,,,,,,,,
Why should one quit CA course and just enjoy life happily like others without tension?,https://www.quora.com/Why-should-one-quit-CA-course-and-just-enjoy-life-happily-like-others-without-tension,,,,,,,,,,
"If anyone online can view a page's HTML source code, then isn't it easy to steal someone's code? How are web developers or website designers able to protect the code for the websites they design?",https://www.quora.com/If-anyone-online-can-view-a-pages-HTML-source-code-then-isnt-it-easy-to-steal-someones-code-How-are-web-developers-or-website-designers-able-to-protect-the-code-for-the-websites-they-design,,,,,,,,,,
Will the fact that my medical school is in my hometown & that I stay at home rather than in a hostel affect my personal growth?,https://www.quora.com/Will-the-fact-that-my-medical-school-is-in-my-hometown-that-I-stay-at-home-rather-than-in-a-hostel-affect-my-personal-growth,,,,,,,,,,
What is the best onboarding software for SaaS?,https://www.quora.com/What-is-the-best-onboarding-software-for-SaaS,,,,,,,,,,
"Can our consciousness see itself ever not existing, and if it can't, then was there ever a time that we did not, or won't exist?",https://www.quora.com/Can-our-consciousness-see-itself-ever-not-existing-and-if-it-cant-then-was-there-ever-a-time-that-we-did-not-or-wont-exist,,,,,,,,,,
Can you suggest me a good book on embryology?,https://www.quora.com/Can-you-suggest-me-a-good-book-on-embryology,,,,,,,,,,
How do atheists refute the idea that atoms have sentience and awareness in the debate between Richard Dawkins and Deepak Chopra?,https://www.quora.com/How-do-atheists-refute-the-idea-that-atoms-have-sentience-and-awareness-in-the-debate-between-Richard-Dawkins-and-Deepak-Chopra,,,,,,,,,,
What is the most badass beginning of a book ever?,https://www.quora.com/What-is-the-most-badass-beginning-of-a-book-ever,,,,,,,,,,
"What all do we need to have, to create a website? That is which computer languages? Which softwares? In what we should have knowledge? Every thing from starting process to End of creation of website?",https://www.quora.com/What-all-do-we-need-to-have-to-create-a-website-That-is-which-computer-languages-Which-softwares-In-what-we-should-have-knowledge-Every-thing-from-starting-process-to-End-of-creation-of-website,,,,,,,,,,
What is the weirdest/grossest/most disturbing thing seen by emergency room staff? Do you ever find it difficult not to faint?,https://www.quora.com/What-is-the-weirdest-grossest-most-disturbing-thing-seen-by-emergency-room-staff-Do-you-ever-find-it-difficult-not-to-faint,,,,,,,,,,
How can I motivate myself to work hard?,https://www.quora.com/How-can-I-motivate-myself-to-work-hard,,,,,,,,,,
From where I can learn html?,https://www.quora.com/From-where-I-can-learn-html,,,,,,,,,,
What do you think of the poem mentioned below?,https://www.quora.com/What-do-you-think-of-the-poem-mentioned-below,,,,,,,,,,
What are some touching war stories?,https://www.quora.com/What-are-some-touching-war-stories,,,,,,,,,,
Is this acceptable to feel insulted after I was asked this by my new boyfriend?,https://www.quora.com/Is-this-acceptable-to-feel-insulted-after-I-was-asked-this-by-my-new-boyfriend,,,,,,,,,,
What are some opinions on the novel Aavarana The Veil by S. L. Bhyrappa?,https://www.quora.com/What-are-some-opinions-on-the-novel-Aavarana-The-Veil-by-S-L-Bhyrappa,,,,,,,,,,
What is the best mobile phone below 12000?,https://www.quora.com/What-is-the-best-mobile-phone-below-12000,,,,,,,,,,
What are the best strong short stories?,https://www.quora.com/What-are-the-best-strong-short-stories,,,,,,,,,,
Can you die from taking too many sleeping pills?,https://www.quora.com/Can-you-die-from-taking-too-many-sleeping-pills,,,,,,,,,,
Should I buy the Lenovo A6000 or the Moto E 2nd generation?,https://www.quora.com/Should-I-buy-the-Lenovo-A6000-or-the-Moto-E-2nd-generation,,,,,,,,,,
How can we convert a one line sad story to a two liner happy one?,https://www.quora.com/How-can-we-convert-a-one-line-sad-story-to-a-two-liner-happy-one,,,,,,,,,,
What should all first time entrepreneurs know before starting their very first business?,https://www.quora.com/What-should-all-first-time-entrepreneurs-know-before-starting-their-very-first-business,,,,,,,,,,
What are Salivary enzymes?,https://www.quora.com/What-are-Salivary-enzymes,,,,,,,,,,
What are some of the greatest examples of absence of mind?,https://www.quora.com/What-are-some-of-the-greatest-examples-of-absence-of-mind,,,,,,,,,,
What is the world's weirdest place?,https://www.quora.com/What-is-the-worlds-weirdest-place,,,,,,,,,,
Is pain in the ovaries a clear symptom of ovarian cancer?,https://www.quora.com/Is-pain-in-the-ovaries-a-clear-symptom-of-ovarian-cancer,,,,,,,,,,
"What's the best way to get rid of the feeling ""What others will think of me""?",https://www.quora.com/Whats-the-best-way-to-get-rid-of-the-feeling-What-others-will-think-of-me,,,,,,,,,,
Is there any product to stop snoring?,https://www.quora.com/Is-there-any-product-to-stop-snoring,,,,,,,,,,
What is the most pessimistic and depressing fictional novel ever written?,https://www.quora.com/What-is-the-most-pessimistic-and-depressing-fictional-novel-ever-written,,,,,,,,,,
(Why) Aren't designers fed up with minimalist trend?,https://www.quora.com/Why-Arent-designers-fed-up-with-minimalist-trend,,,,,,,,,,
What can I do if I have an idea and want to do it as startup?,https://www.quora.com/What-can-I-do-if-I-have-an-idea-and-want-to-do-it-as-startup,,,,,,,,,,
Where shall one Invest in mutual funds or in share market?,https://www.quora.com/Where-shall-one-Invest-in-mutual-funds-or-in-share-market,,,,,,,,,,
What do you think about tom cavanagh's acting in The flash television series?,https://www.quora.com/What-do-you-think-about-tom-cavanaghs-acting-in-The-flash-television-series,,,,,,,,,,
What are some books that expand your mind?,https://www.quora.com/What-are-some-books-that-expand-your-mind,,,,,,,,,,
Can you earn at least Rs. 70 - 80 k per month with share trading and investing on a capital of Rs.5 lakh?,https://www.quora.com/Can-you-earn-at-least-Rs-70-80-k-per-month-with-share-trading-and-investing-on-a-capital-of-Rs-5-lakh,,,,,,,,,,
"My friend is being talked into taking antidepressants, how do I prevent her from taking them?",https://www.quora.com/My-friend-is-being-talked-into-taking-antidepressants-how-do-I-prevent-her-from-taking-them,,,,,,,,,,
Love: What is the best short love story you can come up with?,https://www.quora.com/Love/What-is-the-best-short-love-story-you-can-come-up-with,,,,,,,,,,
"Why do oil prices fall, despite of oil being limited resource and going to expire in next 20 years?",https://www.quora.com/Why-do-oil-prices-fall-despite-of-oil-being-limited-resource-and-going-to-expire-in-next-20-years,,,,,,,,,,
What is the best VOIP solution for a UK small business?,https://www.quora.com/What-is-the-best-VOIP-solution-for-a-UK-small-business,,,,,,,,,,
"I am 20, female. I have been doing kapaalbhati pranayaam for about a month and as I started, I have been experiencing lower abdomenal pain and odourous fluid loss from the genitals. What might be the reasons?",https://www.quora.com/I-am-20-female-I-have-been-doing-kapaalbhati-pranayaam-for-about-a-month-and-as-I-started-I-have-been-experiencing-lower-abdomenal-pain-and-odourous-fluid-loss-from-the-genitals-What-might-be-the-reasons,,,,,,,,,,
What are some transformative short stories?,https://www.quora.com/What-are-some-transformative-short-stories,,,,,,,,,,
"I'm going to invade Russia in the middle of winter, any tips?",https://www.quora.com/Im-going-to-invade-Russia-in-the-middle-of-winter-any-tips,,,,,,,,,,
Why was 5 x 3 = 5+5+5 marked as wrong?,https://www.quora.com/Why-was-5-x-3-5+5+5-marked-as-wrong,,,,,,,,,,
What do foreigners feel when Indians eat with their hands?,https://www.quora.com/What-do-foreigners-feel-when-Indians-eat-with-their-hands,,,,,,,,,,
Silicon Valley: What do people in Silicon Valley plan to do once they are over 35?,https://www.quora.com/Silicon-Valley/What-do-people-in-Silicon-Valley-plan-to-do-once-they-are-over-35,,,,,,,,,,
What are some good short stories about innocence?,https://www.quora.com/What-are-some-good-short-stories-about-innocence,,,,,,,,,,
"Where would you place ""The Martian"" movie in this graph?",https://www.quora.com/Where-would-you-place-The-Martian-movie-in-this-graph,,,,,,,,,,
What does it feel like (as a doctor) to face the parents of a child that died under your care?,https://www.quora.com/What-does-it-feel-like-as-a-doctor-to-face-the-parents-of-a-child-that-died-under-your-care,,,,,,,,,,
What are some best short stories?,https://www.quora.com/What-are-some-best-short-stories-1,,,,,,,,,,
How does the stock market work? Who decides the price of stocks?,https://www.quora.com/How-does-the-stock-market-work-Who-decides-the-price-of-stocks,,,,,,,,,,
"Why should high school students learn geometry, and trigonometry, and advanced algebra?",https://www.quora.com/Why-should-high-school-students-learn-geometry-and-trigonometry-and-advanced-algebra,,,,,,,,,,
What are some great short stories with a twist ending?,https://www.quora.com/What-are-some-great-short-stories-with-a-twist-ending,,,,,,,,,,
What is the most phenomenal moment in Olympics history?,https://www.quora.com/What-is-the-most-phenomenal-moment-in-Olympics-history,,,,,,,,,,
How should a young person invest money?,https://www.quora.com/How-should-a-young-person-invest-money,,,,,,,,,,
"What are some of the craziest emergency room (ER) stories, as told by the nurses and doctors who work there?",https://www.quora.com/What-are-some-of-the-craziest-emergency-room-ER-stories-as-told-by-the-nurses-and-doctors-who-work-there,,,,,,,,,,
What are some great mind-blowing books? Why?,https://www.quora.com/What-are-some-great-mind-blowing-books-Why,,,,,,,,,,
How can I tell my 15 year old daughter she is awful at writing?,https://www.quora.com/How-can-I-tell-my-15-year-old-daughter-she-is-awful-at-writing,,,,,,,,,,
"Does BJP's defeat in Bihar polls signify that ""Modi Wave"" has vanished?",https://www.quora.com/Does-BJPs-defeat-in-Bihar-polls-signify-that-Modi-Wave-has-vanished,,,,,,,,,,
What is the best short stories of courage?,https://www.quora.com/What-is-the-best-short-stories-of-courage,,,,,,,,,,
What do intelligent people do to waste time?,https://www.quora.com/What-do-intelligent-people-do-to-waste-time,,,,,,,,,,
Where can I invest 1000rs?,https://www.quora.com/Where-can-I-invest-1000rs,,,,,,,,,,
I have a black suit and brown shoes. What color shirt and tie should I wear.?,https://www.quora.com/I-have-a-black-suit-and-brown-shoes-What-color-shirt-and-tie-should-I-wear,,,,,,,,,,
"What are some good short stories between 150 - 200 words starting with the line, ""I saw a small boy standing in the woods and crying ""?",https://www.quora.com/What-are-some-good-short-stories-between-150-200-words-starting-with-the-line-I-saw-a-small-boy-standing-in-the-woods-and-crying,,,,,,,,,,
What are the simplest things one can do to make oneself happier (*)?,https://www.quora.com/What-are-the-simplest-things-one-can-do-to-make-oneself-happier-*,,,,,,,,,,
What is the worst name for a variable?,https://www.quora.com/What-is-the-worst-name-for-a-variable,,,,,,,,,,
Can any one suggest some must read novels from Indian writers?,https://www.quora.com/Can-any-one-suggest-some-must-read-novels-from-Indian-writers,,,,,,,,,,
What are some heart touching stories?,https://www.quora.com/What-are-some-heart-touching-stories,,,,,,,,,,
What are some good Hollywood movies to watch .I must mention that I don't like movies which has got lot of action in it and involves fighting scenes?,https://www.quora.com/What-are-some-good-Hollywood-movies-to-watch-I-must-mention-that-I-dont-like-movies-which-has-got-lot-of-action-in-it-and-involves-fighting-scenes,,,,,,,,,,
"What's a good story about someone being considered ""special?""",https://www.quora.com/Whats-a-good-story-about-someone-being-considered-special,,,,,,,,,,
Who is Abhishek Bachchan?,https://www.quora.com/Who-is-Abhishek-Bachchan,,,,,,,,,,
Psychology of Everyday Life: What was the greatest lie ever told?,https://www.quora.com/Psychology-of-Everyday-Life/What-was-the-greatest-lie-ever-told,,,,,,,,,,
Why do people cook when they can get chef-quality food outside?,https://www.quora.com/Why-do-people-cook-when-they-can-get-chef-quality-food-outside,,,,,,,,,,
I want to start reading. What is a good book to read that is full of wisdom and great advice?,https://www.quora.com/I-want-to-start-reading-What-is-a-good-book-to-read-that-is-full-of-wisdom-and-great-advice,,,,,,,,,,
How much income is considered good salary in India?,https://www.quora.com/How-much-income-is-considered-good-salary-in-India,,,,,,,,,,
What is the highest form of intelligence?,https://www.quora.com/What-is-the-highest-form-of-intelligence,,,,,,,,,,
Which books should I read to learn graphic design for web development?,https://www.quora.com/Which-books-should-I-read-to-learn-graphic-design-for-web-development,,,,,,,,,,
"Why do some writers get upset when people spell ""you"" as ""u""?",https://www.quora.com/Why-do-some-writers-get-upset-when-people-spell-you-as-u,,,,,,,,,,
What are some of the best classroom memories?,https://www.quora.com/What-are-some-of-the-best-classroom-memories,,,,,,,,,,
What are some short stories about fathers?,https://www.quora.com/What-are-some-short-stories-about-fathers,,,,,,,,,,
What should I do if my boyfriend talks to his mother on the phone every day?,https://www.quora.com/What-should-I-do-if-my-boyfriend-talks-to-his-mother-on-the-phone-every-day,,,,,,,,,,
How can one build a spaceship that can pass right through the sun?,https://www.quora.com/How-can-one-build-a-spaceship-that-can-pass-right-through-the-sun,,,,,,,,,,
What cool or useful skills can be learned in five minutes?,https://www.quora.com/What-cool-or-useful-skills-can-be-learned-in-five-minutes,,,,,,,,,,
Who is the biggest traitor in India?,https://www.quora.com/Who-is-the-biggest-traitor-in-India,,,,,,,,,,
How did Elon Musk build and organize Tesla Motors from the ground up?,https://www.quora.com/How-did-Elon-Musk-build-and-organize-Tesla-Motors-from-the-ground-up, , , , , , , , , , 
How are iTunes gift card codes generated?,https://www.quora.com/How-are-iTunes-gift-card-codes-generated, , , , , , , , , , 
Why can't Real Madrid buy Messi?,https://www.quora.com/Why-cant-Real-Madrid-buy-Messi, , , , , , , , , , 
Elon Musk: What is it like to attend an Elon Musk party?,https://www.quora.com/Elon-Musk/What-is-it-like-to-attend-an-Elon-Musk-party, , , , , , , , , , 
What does Steve Wozniak do as a Fellow at Apple?,https://www.quora.com/What-does-Steve-Wozniak-do-as-a-Fellow-at-Apple, , , , , , , , , , 
What are the biggest complaints from owners of a Tesla car?,https://www.quora.com/What-are-the-biggest-complaints-from-owners-of-a-Tesla-car, , , , , , , , , , 
What all hackings can I do through Kali Linux?,https://www.quora.com/What-all-hackings-can-I-do-through-Kali-Linux, , , , , , , , , , 
What is it like to work with Elon Musk?,https://www.quora.com/What-is-it-like-to-work-with-Elon-Musk, , , , , , , , , , 
Which one is better stylus for iPad Air 1 : Wacom creative intous 2 or Adonit jot touch?,https://www.quora.com/Which-one-is-better-stylus-for-iPad-Air-1-Wacom-creative-intous-2-or-Adonit-jot-touch, , , , , , , , , , 
"If Tesla had started in the commuter electric car market at a $25k price point, would the company have been selling cars as well as (or better than) they are now?",https://www.quora.com/If-Tesla-had-started-in-the-commuter-electric-car-market-at-a-25k-price-point-would-the-company-have-been-selling-cars-as-well-as-or-better-than-they-are-now, , , , , , , , , , 
What are Elon Musk's favorite movies?,https://www.quora.com/What-are-Elon-Musks-favorite-movies, , , , , , , , , , 
What will be the price of an apple iPhone 5s after 1 year?,https://www.quora.com/What-will-be-the-price-of-an-apple-iPhone-5s-after-1-year, , , , , , , , , , 
What are some mind-blowing facts about Tesla Motors?,https://www.quora.com/What-are-some-mind-blowing-facts-about-Tesla-Motors, , , , , , , , , , 
How do I post a HTML with Image on my Facebook from my Android or iOS App?,https://www.quora.com/How-do-I-post-a-HTML-with-Image-on-my-Facebook-from-my-Android-or-iOS-App, , , , , , , , , , 
How do I get smart Elon Musk's way to solve problems?,https://www.quora.com/How-do-I-get-smart-Elon-Musks-way-to-solve-problems, , , , , , , , , , 
Will Apple set a big sale-off on the Black Friday this year?,https://www.quora.com/Will-Apple-set-a-big-sale-off-on-the-Black-Friday-this-year, , , , , , , , , , 
What are some of the traits unique to football fans?,https://www.quora.com/What-are-some-of-the-traits-unique-to-football-fans, , , , , , , , , , 
Were the ex-employees who got laid off from Tesla Motors in 2008 rehired again?,https://www.quora.com/Were-the-ex-employees-who-got-laid-off-from-Tesla-Motors-in-2008-rehired-again, , , , , , , , , , 
Is it recommended to buy AppleCare on the Apple TV (4th Gen 2015)?,https://www.quora.com/Is-it-recommended-to-buy-AppleCare-on-the-Apple-TV-4th-Gen-2015, , , , , , , , , , 
What's a day in the life of a SpaceX intern like?,https://www.quora.com/Whats-a-day-in-the-life-of-a-SpaceX-intern-like, , , , , , , , , , 
How does the Tesla model P85D's insane mode work?,https://www.quora.com/How-does-the-Tesla-model-P85Ds-insane-mode-work, , , , , , , , , , 
Is it good to buy a MacBook Pro for work where I use a lot of MS office?,https://www.quora.com/Is-it-good-to-buy-a-MacBook-Pro-for-work-where-I-use-a-lot-of-MS-office, , , , , , , , , , 
What can we learn from Elon Musk?,https://www.quora.com/What-can-we-learn-from-Elon-Musk, , , , , , , , , , 
I see that iPhone 5s price has dropped after the launch of 6s. Will it drop further after the release or anytime after that? I want to know exactly how long I need to wait more to buy the 5s at a lesser price.,https://www.quora.com/I-see-that-iPhone-5s-price-has-dropped-after-the-launch-of-6s-Will-it-drop-further-after-the-release-or-anytime-after-that-I-want-to-know-exactly-how-long-I-need-to-wait-more-to-buy-the-5s-at-a-lesser-price, , , , , , , , , , 
What are the downsides of a Tesla Roadster?,https://www.quora.com/What-are-the-downsides-of-a-Tesla-Roadster, , , , , , , , , , 
Has the Microsoft Surface affected the Apple MacBook Pro sales?,https://www.quora.com/Has-the-Microsoft-Surface-affected-the-Apple-MacBook-Pro-sales, , , , , , , , , , 
Why don't Apple products fall in price as time passes?,https://www.quora.com/Why-dont-Apple-products-fall-in-price-as-time-passes, , , , , , , , , , 
"Why is Elon Musk, having given less than 0.1% of his wealth away, thought of as a philanthropist?",https://www.quora.com/Why-is-Elon-Musk-having-given-less-than-0-1-of-his-wealth-away-thought-of-as-a-philanthropist, , , , , , , , , , 
How does the Tesla Model X compare to the Tesla Roadster?,https://www.quora.com/How-does-the-Tesla-Model-X-compare-to-the-Tesla-Roadster, , , , , , , , , , 
What is Elon Musk's email address?,https://www.quora.com/What-is-Elon-Musks-email-address, , , , , , , , , , 
How does the AirPort Express compare to the AirPort Extreme?,https://www.quora.com/How-does-the-AirPort-Express-compare-to-the-AirPort-Extreme, , , , , , , , , , 
What should be an ideal political system for India considering the population at large? Does  a democratic format serve the purpose?,https://www.quora.com/What-should-be-an-ideal-political-system-for-India-considering-the-population-at-large-Does-a-democratic-format-serve-the-purpose, , , , , , , , , , 
What are the downsides of a Tesla Roadster?,https://www.quora.com/What-are-the-downsides-of-a-Tesla-Roadster, , , , , , , , , , 
Is Apple testing blockchain?,https://www.quora.com/Is-Apple-testing-blockchain, , , , , , , , , , 
Elon Musk: What is it like to attend an Elon Musk party?,https://www.quora.com/Elon-Musk/What-is-it-like-to-attend-an-Elon-Musk-party, , , , , , , , , , 
How was the concept of game theory used in the penalty shootout of the 2008 Champions League final between Chelsea and Manchester United?,https://www.quora.com/How-was-the-concept-of-game-theory-used-in-the-penalty-shootout-of-the-2008-Champions-League-final-between-Chelsea-and-Manchester-United, , , , , , , , , , 
Which college is better for Computer Science/ Computer Engineering in India - IIIT Delhi or NSIT?,https://www.quora.com/Which-college-is-better-for-Computer-Science-Computer-Engineering-in-India-IIIT-Delhi-or-NSIT, , , , , , , , , , 
Did Apple have a strategic interest in not allowing chronological notifications before iOS9?,https://www.quora.com/Did-Apple-have-a-strategic-interest-in-not-allowing-chronological-notifications-before-iOS9, , , , , , , , , , 
Does Elon Musk know technical details about his projects?,https://www.quora.com/Does-Elon-Musk-know-technical-details-about-his-projects, , , , , , , , , , 
Can I install GTA 5 on an external hard disk to play it on my macbook?,https://www.quora.com/Can-I-install-GTA-5-on-an-external-hard-disk-to-play-it-on-my-macbook, , , , , , , , , , 
Does Apple's secrecy hurt its ability to compete?,https://www.quora.com/Does-Apples-secrecy-hurt-its-ability-to-compete, , , , , , , , , , 
How has Elon Musk beaten his baldness?,https://www.quora.com/How-has-Elon-Musk-beaten-his-baldness, , , , , , , , , , 
How do you remove RegClean Pro virus from Vista?,https://www.quora.com/How-do-you-remove-RegClean-Pro-virus-from-Vista, , , , , , , , , , 
Is the MacBook Pro fragile?,https://www.quora.com/Is-the-MacBook-Pro-fragile, , , , , , , , , , 
Who is the opposite of Elon Musk in current culture?,https://www.quora.com/Who-is-the-opposite-of-Elon-Musk-in-current-culture, , , , , , , , , , 
What are some amazing facts about Apple?,https://www.quora.com/What-are-some-amazing-facts-about-Apple-1, , , , , , , , , , 
How does negative bidding work?,https://www.quora.com/How-does-negative-bidding-work, , , , , , , , , , 
Is Manchester united capable of winning UEFA Champions league and premier league this season?,https://www.quora.com/Is-Manchester-united-capable-of-winning-UEFA-Champions-league-and-premier-league-this-season, , , , , , , , , , 
Getting Started on Quora: Why don't I get upvotes on my answers?,https://www.quora.com/Getting-Started-on-Quora/Why-dont-I-get-upvotes-on-my-answers, , , , , , , , , , 
How can I get a chance to have a short talk with Tim Cook or Jonathan Ive?,https://www.quora.com/How-can-I-get-a-chance-to-have-a-short-talk-with-Tim-Cook-or-Jonathan-Ive, , , , , , , , , , 
What are Elon Musk's specific areas of expertise?,https://www.quora.com/What-are-Elon-Musks-specific-areas-of-expertise, , , , , , , , , , 
What fraction of MacBook Pro users would prefer a 17'' over the 15'' one?,https://www.quora.com/What-fraction-of-MacBook-Pro-users-would-prefer-a-17-over-the-15-one, , , , , , , , , , 
What was the apple website developed in?,https://www.quora.com/What-was-the-apple-website-developed-in, , , , , , , , , , 
Why doesn't Tesla make small electric cars?,https://www.quora.com/Why-doesnt-Tesla-make-small-electric-cars, , , , , , , , , , 
Which Iron Maiden tour was the most entertaining?,https://www.quora.com/Which-Iron-Maiden-tour-was-the-most-entertaining, , , , , , , , , , 
"Birla Institute of Technology and Science, Pilani: Why is Manipal considered lower than BITS Pilani, even after having so many similarities?",https://www.quora.com/Birla-Institute-of-Technology-and-Science-Pilani-1/Why-is-Manipal-considered-lower-than-BITS-Pilani-even-after-having-so-many-similarities, , , , , , , , , , 
What is the Tesla Model S range if you drive fast all the time?,https://www.quora.com/What-is-the-Tesla-Model-S-range-if-you-drive-fast-all-the-time, , , , , , , , , , 
How does Apple's m9 co processor work?,https://www.quora.com/How-does-Apples-m9-co-processor-work, , , , , , , , , , 
Are Apple Macbooks really worth the hype for such costly laptops?,https://www.quora.com/Are-Apple-Macbooks-really-worth-the-hype-for-such-costly-laptops, , , , , , , , , , 
What is lunch at Apple like?,https://www.quora.com/What-is-lunch-at-Apple-like, , , , , , , , , , 
How does Elon Musk hire people?,https://www.quora.com/How-does-Elon-Musk-hire-people, , , , , , , , , , 
How much does a replacement screen for a MacBook Pro 13 inch cost?,https://www.quora.com/How-much-does-a-replacement-screen-for-a-MacBook-Pro-13-inch-cost, , , , , , , , , , 
What would Cristiano Ronaldo fans like to say to his haters in order to convince them to not hate him?,https://www.quora.com/What-would-Cristiano-Ronaldo-fans-like-to-say-to-his-haters-in-order-to-convince-them-to-not-hate-him, , , , , , , , , , 
How efficient is Hike's Natasha compared to Apple's Siri?,https://www.quora.com/How-efficient-is-Hikes-Natasha-compared-to-Apples-Siri, , , , , , , , , , 
What kind of company should Elon Musk start next?,https://www.quora.com/What-kind-of-company-should-Elon-Musk-start-next, , , , , , , , , , 
Will Tesla Motors fail due to the onslaught of Hydrogen Fuel Cell vehicles?,https://www.quora.com/Will-Tesla-Motors-fail-due-to-the-onslaught-of-Hydrogen-Fuel-Cell-vehicles, , , , , , , , , , 
Why won't my Iphone 5 charge or turn on after it has been FULLY discharged?,https://www.quora.com/Why-wont-my-Iphone-5-charge-or-turn-on-after-it-has-been-FULLY-discharged, , , , , , , , , , 
What was Elon Musk's experience with bullying as a child?,https://www.quora.com/What-was-Elon-Musks-experience-with-bullying-as-a-child, , , , , , , , , , 
"Why do people buy MacBook Pro retinas, given their relatively high price?",https://www.quora.com/Why-do-people-buy-MacBook-Pro-retinas-given-their-relatively-high-price, , , , , , , , , , 
What happens when a Tesla car crashes?,https://www.quora.com/What-happens-when-a-Tesla-car-crashes, , , , , , , , , , 
How is the monthly payment plan to buy products at Apple?,https://www.quora.com/How-is-the-monthly-payment-plan-to-buy-products-at-Apple, , , , , , , , , , 
On which team will Dhoni be in the next IPL?,https://www.quora.com/On-which-team-will-Dhoni-be-in-the-next-IPL, , , , , , , , , , 
Who is strong enough between real Madrid vs psg?,https://www.quora.com/Who-is-strong-enough-between-real-Madrid-vs-psg, , , , , , , , , , 
"Which one is better/more advanced, Autopilot on Tesla model S or Distronic Plus on Mercedes S class?",https://www.quora.com/Which-one-is-better-more-advanced-Autopilot-on-Tesla-model-S-or-Distronic-Plus-on-Mercedes-S-class, , , , , , , , , , 
What's it like working with Tim Cook?,https://www.quora.com/Whats-it-like-working-with-Tim-Cook, , , , , , , , , , 
Elon Musk: What was it like for Elon Musk to meet Narendra Modi?,https://www.quora.com/Elon-Musk/What-was-it-like-for-Elon-Musk-to-meet-Narendra-Modi, , , , , , , , , , 
Why is Real Madrid only allowed three non-European players while Barca is allowed more?,https://www.quora.com/Why-is-Real-Madrid-only-allowed-three-non-European-players-while-Barca-is-allowed-more, , , , , , , , , , 
What do you think can change in the future because of the Apple Watch?,https://www.quora.com/What-do-you-think-can-change-in-the-future-because-of-the-Apple-Watch, , , , , , , , , , 
Will Tesla open-source its autopilot technology/data?,https://www.quora.com/Will-Tesla-open-source-its-autopilot-technology-data, , , , , , , , , , 
Messi scored his first Champions League goal on this day 10 years ago. Since then he's scored 77 in Europe. But which is his best?,https://www.quora.com/Messi-scored-his-first-Champions-League-goal-on-this-day-10-years-ago-Since-then-hes-scored-77-in-Europe-But-which-is-his-best, , , , , , , , , , 
Is there a new Macbook Pro coming in 2016?,https://www.quora.com/Is-there-a-new-Macbook-Pro-coming-in-2016, , , , , , , , , , 
How smart does a person have to be to be able to work at Tesla or SpaceX?,https://www.quora.com/How-smart-does-a-person-have-to-be-to-be-able-to-work-at-Tesla-or-SpaceX, , , , , , , , , , 
Cricket (sport): Did Sehwag contact the BCCI before announcing his retirement? Did BCCI refused to give him another chance?,https://www.quora.com/Cricket-sport/Did-Sehwag-contact-the-BCCI-before-announcing-his-retirement-Did-BCCI-refused-to-give-him-another-chance, , , , , , , , , , 
What is Jonathan Ive like in person?,https://www.quora.com/What-is-Jonathan-Ive-like-in-person, , , , , , , , , , 
What's it like to have a job interview with Elon Musk?,https://www.quora.com/Whats-it-like-to-have-a-job-interview-with-Elon-Musk, , , , , , , , , , 
How do I change ssd on MacBook?,https://www.quora.com/How-do-I-change-ssd-on-MacBook, , , , , , , , , , 
What are Microsoft and Apples attitudes towards employees using the other companies products in the workplace? Is it frowned upon?,https://www.quora.com/What-are-Microsoft-and-Apples-attitudes-towards-employees-using-the-other-companies-products-in-the-workplace-Is-it-frowned-upon, , , , , , , , , , 
What are the specific aerodynamic challenges for the Hyperloop and what concepts govern these challeneges?,https://www.quora.com/What-are-the-specific-aerodynamic-challenges-for-the-Hyperloop-and-what-concepts-govern-these-challeneges, , , , , , , , , , 
What is the hype about Tesla? How are they different from regular cars?,https://www.quora.com/What-is-the-hype-about-Tesla-How-are-they-different-from-regular-cars, , , , , , , , , , 
What does Apple provide for its interns?,https://www.quora.com/What-does-Apple-provide-for-its-interns, , , , , , , , , , 
@ 1-800-986-9180  scan virus online  scan virus online help  scan virus online help number scan virus online help number toll free?,https://www.quora.com/1-800-986-9180-scan-virus-online-scan-virus-online-help-scan-virus-online-help-number-scan-virus-online-help-number-toll-free, , , , , , , , , , 
"How realistic is it for Tesla to sell the the Model 3 for $35,000?",https://www.quora.com/How-realistic-is-it-for-Tesla-to-sell-the-the-Model-3-for-35-000, , , , , , , , , , 
What is Tim Cook like?,https://www.quora.com/What-is-Tim-Cook-like, , , , , , , , , , 
What are the best accessories for 2015 MacBook?,https://www.quora.com/What-are-the-best-accessories-for-2015-MacBook, , , , , , , , , , 
Why isn't real madrid selling fabio coentrao?,https://www.quora.com/Why-isnt-real-madrid-selling-fabio-coentrao, , , , , , , , , , 
Has Tesla Motors ever been at the center of a controversy?,https://www.quora.com/Has-Tesla-Motors-ever-been-at-the-center-of-a-controversy, , , , , , , , , , 
"I want to buy Apple Macbook. My budget is near about 70,000. Need 8GB, 500GB Hard disk and i5 processor. Which should be the best macbook for me?",https://www.quora.com/I-want-to-buy-Apple-Macbook-My-budget-is-near-about-70-000-Need-8GB-500GB-Hard-disk-and-i5-processor-Which-should-be-the-best-macbook-for-me, , , , , , , , , , 
What are lalithmodi's scams in ipl?,https://www.quora.com/What-are-lalithmodis-scams-in-ipl, , , , , , , , , , 
SpaceX: Who are some of the most intelligent people working at SpaceX that are not so well known?,https://www.quora.com/SpaceX/Who-are-some-of-the-most-intelligent-people-working-at-SpaceX-that-are-not-so-well-known, , , , , , , , , , 
How many Indians work at Tesla Motors?,https://www.quora.com/How-many-Indians-work-at-Tesla-Motors, , , , , , , , , , 
Does apple have more cash reserves than the US federal reserve?,https://www.quora.com/Does-apple-have-more-cash-reserves-than-the-US-federal-reserve, , , , , , , , , , 
"Do you expect a Premier League team to win the Champions League this season (2015-2016)? And if yes, which one and why?",https://www.quora.com/Do-you-expect-a-Premier-League-team-to-win-the-Champions-League-this-season-2015-2016-And-if-yes-which-one-and-why, , , , , , , , , , 
What are the skills and competencies of the employees working for Tesla?,https://www.quora.com/What-are-the-skills-and-competencies-of-the-employees-working-for-Tesla, , , , , , , , , , 
Which product does Apple earn the most revenue from?,https://www.quora.com/Which-product-does-Apple-earn-the-most-revenue-from, , , , , , , , , , 
Why is Quora obsessed with Elon Musk?,https://www.quora.com/Why-is-Quora-obsessed-with-Elon-Musk, , , , , , , , , , 
What are some epic Jose Mourinho quotes?,https://www.quora.com/What-are-some-epic-Jose-Mourinho-quotes, , , , , , , , , , 
Has anyone tested 12inch Macbook with external GPU?,https://www.quora.com/Has-anyone-tested-12inch-Macbook-with-external-GPU, , , , , , , , , , 
Android (operating system): Why Apple dual core processors are much faster than Android octa core processors?,https://www.quora.com/Android-operating-system/Why-Apple-dual-core-processors-are-much-faster-than-Android-octa-core-processors, , , , , , , , , , 
"Tesla Model S: If there were superchargers every 150 miles or so between highways, as well as chargers in parking lots to use while you shop, would range anxiety still be an issue for you?",https://www.quora.com/Tesla-Model-S/If-there-were-superchargers-every-150-miles-or-so-between-highways-as-well-as-chargers-in-parking-lots-to-use-while-you-shop-would-range-anxiety-still-be-an-issue-for-you, , , , , , , , , , 
I have iphone5s and I want to install VMware workstation and install Kali Linux and BackTrack5 in Iphone 5s? How to do it? I have completely unlocked phone.,https://www.quora.com/I-have-iphone5s-and-I-want-to-install-VMware-workstation-and-install-Kali-Linux-and-BackTrack5-in-Iphone-5s-How-to-do-it-I-have-completely-unlocked-phone, , , , , , , , , , 
What's the average lifespan of a MacBook Pro before it becomes obsolete?,https://www.quora.com/Whats-the-average-lifespan-of-a-MacBook-Pro-before-it-becomes-obsolete, , , , , , , , , , 
Why is Tesla Motors getting popular day by day?,https://www.quora.com/Why-is-Tesla-Motors-getting-popular-day-by-day, , , , , , , , , , 
How did Elon Musk work for 100 hours a week for more than 15 years?,https://www.quora.com/How-did-Elon-Musk-work-for-100-hours-a-week-for-more-than-15-years, , , , , , , , , , 
Should I buy a MacBook Pro 13 inches or 15 inches for game development?,https://www.quora.com/Should-I-buy-a-MacBook-Pro-13-inches-or-15-inches-for-game-development, , , , , , , , , , 
Which is the best cloud mobile back-end solution and how to implement it for a app?,https://www.quora.com/Which-is-the-best-cloud-mobile-back-end-solution-and-how-to-implement-it-for-a-app, , , , , , , , , , 
Why are nerds so crazy about Tesla cars?,https://www.quora.com/Why-are-nerds-so-crazy-about-Tesla-cars, , , , , , , , , , 
Is the iPhone 5s 16GB worth buying today?,https://www.quora.com/Is-the-iPhone-5s-16GB-worth-buying-today, , , , , , , , , , 
What are the most common formats for the ways that Elon Musk asks questions?,https://www.quora.com/What-are-the-most-common-formats-for-the-ways-that-Elon-Musk-asks-questions, , , , , , , , , , 
Cricket in India: How is MS Dhoni in real life?,https://www.quora.com/Cricket-in-India/How-is-MS-Dhoni-in-real-life, , , , , , , , , , 
Is it good to buy a MacBook Pro for work where I use a lot of MS office?,https://www.quora.com/Is-it-good-to-buy-a-MacBook-Pro-for-work-where-I-use-a-lot-of-MS-office, , , , , , , , , , 
Does Apple's secrecy hurt its ability to compete?,https://www.quora.com/Does-Apples-secrecy-hurt-its-ability-to-compete, , , , , , , , , , 
"Who is the harder working CEO, Carlos Ghosn or Elon Musk?",https://www.quora.com/Who-is-the-harder-working-CEO-Carlos-Ghosn-or-Elon-Musk, , , , , , , , , , 
"Should I upgrade my MacBook Pro 13"" 2011 to a dual drive setup?",https://www.quora.com/Should-I-upgrade-my-MacBook-Pro-13-2011-to-a-dual-drive-setup, , , , , , , , , , 
How easy is it to steal a Tesla? Is it harder to steal a Tesla than other cars?,https://www.quora.com/How-easy-is-it-to-steal-a-Tesla-Is-it-harder-to-steal-a-Tesla-than-other-cars, , , , , , , , , , 
Is Elon Musk the greatest living inventor?,https://www.quora.com/Is-Elon-Musk-the-greatest-living-inventor, , , , , , , , , , 
Will Dropbox be sold to Apple or another acquirer in 2016?,https://www.quora.com/Will-Dropbox-be-sold-to-Apple-or-another-acquirer-in-2016, , , , , , , , , , 
What is the best turn around in a football match ever?,https://www.quora.com/What-is-the-best-turn-around-in-a-football-match-ever, , , , , , , , , , 
How much does it cost to test drive a Tesla?,https://www.quora.com/How-much-does-it-cost-to-test-drive-a-Tesla, , , , , , , , , , 
"I lost my iPhone 5S with airplane mode enabled. Lodged complaint already, but will the Apple Store team help me in finding through IMEI?",https://www.quora.com/I-lost-my-iPhone-5S-with-airplane-mode-enabled-Lodged-complaint-already-but-will-the-Apple-Store-team-help-me-in-finding-through-IMEI, , , , , , , , , , 
How did Elon Musk do so many things in so little time?,https://www.quora.com/How-did-Elon-Musk-do-so-many-things-in-so-little-time, , , , , , , , , , 
What are some lesser known facts about Virender Sehwag?,https://www.quora.com/What-are-some-lesser-known-facts-about-Virender-Sehwag, , , , , , , , , , 
Do we get any discounts of Apple products during Black Friday/Thanksgiving? Especially on Macbook Air/Pro?,https://www.quora.com/Do-we-get-any-discounts-of-Apple-products-during-Black-Friday-Thanksgiving-Especially-on-Macbook-Air-Pro, , , , , , , , , , 
Who is Elon Musk's Enemy?,https://www.quora.com/Who-is-Elon-Musks-Enemy, , , , , , , , , , 
Which company is bigger today: Apple or Samsung?,https://www.quora.com/Which-company-is-bigger-today-Apple-or-Samsung, , , , , , , , , , 
What is Tesla? And why is it already compared with the giants like apple and Google?,https://www.quora.com/What-is-Tesla-And-why-is-it-already-compared-with-the-giants-like-apple-and-Google, , , , , , , , , , 
What are some interesting facts about working at SpaceX?,https://www.quora.com/What-are-some-interesting-facts-about-working-at-SpaceX, , , , , , , , , , 
Are Real Madrid and Paris Saint Germain well matched?,https://www.quora.com/Are-Real-Madrid-and-Paris-Saint-Germain-well-matched, , , , , , , , , , 
What is it like to work with Elon Musk?,https://www.quora.com/What-is-it-like-to-work-with-Elon-Musk, , , , , , , , , , 
For what purpose Mac book is useful?,https://www.quora.com/For-what-purpose-Mac-book-is-useful, , , , , , , , , , 
How can Teslas be safer than Volvos?,https://www.quora.com/How-can-Teslas-be-safer-than-Volvos, , , , , , , , , , 
How are the BJP government's railway passenger fare increases by 14.2% and freight charges by 6.5% justified?,https://www.quora.com/How-are-the-BJP-governments-railway-passenger-fare-increases-by-14-2-and-freight-charges-by-6-5-justified, , , , , , , , , , 
Who is the most underrated footballer of recent times?,https://www.quora.com/Who-is-the-most-underrated-footballer-of-recent-times, , , , , , , , , , 
@ 1-800-986-9180 anti virus online anti virus online help anti virus online help number anti virus online help number toll free?,https://www.quora.com/1-800-986-9180-anti-virus-online-anti-virus-online-help-anti-virus-online-help-number-anti-virus-online-help-number-toll-free, , , , , , , , , , 
How much does your company spend on cybersecurity consultants?,https://www.quora.com/How-much-does-your-company-spend-on-cybersecurity-consultants, , , , , , , , , , 
Life: What is the most important lesson you have learned recently?,https://www.quora.com/Life/What-is-the-most-important-lesson-you-have-learned-recently, , , , , , , , , , 
Are there any websites where I can upload pictures without being afraid of it ever being seen by anyone others than those I have permitted to see it?,https://www.quora.com/Are-there-any-websites-where-I-can-upload-pictures-without-being-afraid-of-it-ever-being-seen-by-anyone-others-than-those-I-have-permitted-to-see-it, , , , , , , , , , 
How do I install code: block on kali linux?,https://www.quora.com/How-do-I-install-code-block-on-kali-linux, , , , , , , , , , 
How do I hack my friend's iPad?,https://www.quora.com/How-do-I-hack-my-friends-iPad, , , , , , , , , , 
What does it feel like to have a famous/infamous last name?,https://www.quora.com/What-does-it-feel-like-to-have-a-famous-infamous-last-name, , , , , , , , , , 
Who is the greatest person that history has forgotten ?,https://www.quora.com/Who-is-the-greatest-person-that-history-has-forgotten, , , , , , , , , , 
Are there some good free and easy-to-use student-centered MOOC platforms?,https://www.quora.com/Are-there-some-good-free-and-easy-to-use-student-centered-MOOC-platforms, , , , , , , , , , 
Metallica (band): Why do people consider Lars Ulrich a bad drummer?,https://www.quora.com/Metallica-band/Why-do-people-consider-Lars-Ulrich-a-bad-drummer, , , , , , , , , , 
What will be the impact of countries withdrawing their ambassadors from other countries? Does it end the diplomatic relation or will it lead to that direction?,https://www.quora.com/What-will-be-the-impact-of-countries-withdrawing-their-ambassadors-from-other-countries-Does-it-end-the-diplomatic-relation-or-will-it-lead-to-that-direction, , , , , , , , , , 
What are good universities for an MS in information security/cybersecurity in the USA and Canada?,https://www.quora.com/What-are-good-universities-for-an-MS-in-information-security-cybersecurity-in-the-USA-and-Canada, , , , , , , , , , 
How do I order döner in German?,https://www.quora.com/How-do-I-order-döner-in-German, , , , , , , , , , 
What makes Pink Floyd remarkable?,https://www.quora.com/What-makes-Pink-Floyd-remarkable, , , , , , , , , , 
"According to the people who disapprove of George W. Bush's decision to invade Iraq, what would've been a better thing to do?",https://www.quora.com/According-to-the-people-who-disapprove-of-George-W-Bushs-decision-to-invade-Iraq-what-wouldve-been-a-better-thing-to-do, , , , , , , , , , 
Is it true that India has never invaded any foreign country?,https://www.quora.com/Is-it-true-that-India-has-never-invaded-any-foreign-country, , , , , , , , , , 
What are good creative coding frameworks for iOS?,https://www.quora.com/What-are-good-creative-coding-frameworks-for-iOS, , , , , , , , , , 
How can I gain access to informations in others phones remotely over same wifi?,https://www.quora.com/How-can-I-gain-access-to-informations-in-others-phones-remotely-over-same-wifi, , , , , , , , , , 
"I'm still in college, but have no idea what to do after completing my under-graduation. Is this normal?",https://www.quora.com/Im-still-in-college-but-have-no-idea-what-to-do-after-completing-my-under-graduation-Is-this-normal, , , , , , , , , , 
"Does the credit of Britain gaining riches and power goes to its colonial rule, especially in India?",https://www.quora.com/Does-the-credit-of-Britain-gaining-riches-and-power-goes-to-its-colonial-rule-especially-in-India, , , , , , , , , , 
What is ng in ng-model?,https://www.quora.com/What-is-ng-in-ng-model, , , , , , , , , , 
"How can you apologize without actually saying the words ""I'm sorry"" or being apologetic?",https://www.quora.com/How-can-you-apologize-without-actually-saying-the-words-Im-sorry-or-being-apologetic, , , , , , , , , , 
What cool or useful skills can be learned in five minutes?,https://www.quora.com/What-cool-or-useful-skills-can-be-learned-in-five-minutes, , , , , , , , , , 
Is Malwarebytes Anti-malware software is good enough to protect my machine from all types of threats or would I need a antivirus program in my machine along with Malwarebytes also?,https://www.quora.com/Is-Malwarebytes-Anti-malware-software-is-good-enough-to-protect-my-machine-from-all-types-of-threats-or-would-I-need-a-antivirus-program-in-my-machine-along-with-Malwarebytes-also, , , , , , , , , , 
How do I stop somebody from viewing the source code of the webpage in browsers?,https://www.quora.com/How-do-I-stop-somebody-from-viewing-the-source-code-of-the-webpage-in-browsers, , , , , , , , , , 
Is there any website like Coursera to learn game development?,https://www.quora.com/Is-there-any-website-like-Coursera-to-learn-game-development, , , , , , , , , , 
What is it like to work in cyber security?,https://www.quora.com/What-is-it-like-to-work-in-cyber-security, , , , , , , , , , 
What is the best iPhone app to use for studying?,https://www.quora.com/What-is-the-best-iPhone-app-to-use-for-studying, , , , , , , , , , 
What are some things every Indian should know about Indian history?,https://www.quora.com/What-are-some-things-every-Indian-should-know-about-Indian-history, , , , , , , , , , 
What does the IITR professor Mr. Brijesh Kumar think about the introvert nature of a few students? How can they be more frank while interacting with anyone else?,https://www.quora.com/What-does-the-IITR-professor-Mr-Brijesh-Kumar-think-about-the-introvert-nature-of-a-few-students-How-can-they-be-more-frank-while-interacting-with-anyone-else, , , , , , , , , , 
What is the best Doors song?,https://www.quora.com/What-is-the-best-Doors-song, , , , , , , , , , 
Is it safe to buy furniture from online retailing sites like pepper fry and urban ladder?,https://www.quora.com/Is-it-safe-to-buy-furniture-from-online-retailing-sites-like-pepper-fry-and-urban-ladder, , , , , , , , , , 
Coursera: How does coursera analyze the words which we type in when it checks if someone else is writing the answer before taking quizzes?,https://www.quora.com/Coursera/How-does-coursera-analyze-the-words-which-we-type-in-when-it-checks-if-someone-else-is-writing-the-answer-before-taking-quizzes, , , , , , , , , , 
How do I overcome my inferiority complex?,https://www.quora.com/How-do-I-overcome-my-inferiority-complex, , , , , , , , , , 
How does the Government of India hire cyber security experts?,https://www.quora.com/How-does-the-Government-of-India-hire-cyber-security-experts, , , , , , , , , , 
What questions have you encountered during an iOS developer interview?,https://www.quora.com/What-questions-have-you-encountered-during-an-iOS-developer-interview, , , , , , , , , , 
What is the leading IT security / cybersecurity publication in Spain?,https://www.quora.com/What-is-the-leading-IT-security-cybersecurity-publication-in-Spain, , , , , , , , , , 
Is it useful to learn German?,https://www.quora.com/Is-it-useful-to-learn-German, , , , , , , , , , 
What Hindi song(s) gives you goosebumps or makes you cry?,https://www.quora.com/What-Hindi-song-s-gives-you-goosebumps-or-makes-you-cry, , , , , , , , , , 
Does Jimmy Wales still disagree with Aaron Swartz's analysis of who contributes to Wikipedia?,https://www.quora.com/Does-Jimmy-Wales-still-disagree-with-Aaron-Swartzs-analysis-of-who-contributes-to-Wikipedia, , , , , , , , , , 
Why should I do if I really want to hire Adrian Lamo as a software engineer at my startup?,https://www.quora.com/Why-should-I-do-if-I-really-want-to-hire-Adrian-Lamo-as-a-software-engineer-at-my-startup, , , , , , , , , , 
"Why does Barack Obama use a BlackBerry phone, specifically given the fact that there are outrageous numbers of smartphones available in the market?",https://www.quora.com/Why-does-Barack-Obama-use-a-BlackBerry-phone-specifically-given-the-fact-that-there-are-outrageous-numbers-of-smartphones-available-in-the-market, , , , , , , , , , 
Who are the top mobile app developers in Minnesota (Minneapolis)?,https://www.quora.com/Who-are-the-top-mobile-app-developers-in-Minnesota-Minneapolis, , , , , , , , , , 
What would India be like had it not gained Independence?,https://www.quora.com/What-would-India-be-like-had-it-not-gained-Independence, , , , , , , , , , 
What is David Gilmour's finest guitar solo with Pink Floyd?,https://www.quora.com/What-is-David-Gilmours-finest-guitar-solo-with-Pink-Floyd, , , , , , , , , , 
"I have 40 days from today before I go to Germany for an 8 week internship. I don't know any German, and only speak English. What can I do to minimize my doom?",https://www.quora.com/I-have-40-days-from-today-before-I-go-to-Germany-for-an-8-week-internship-I-dont-know-any-German-and-only-speak-English-What-can-I-do-to-minimize-my-doom, , , , , , , , , , 
What steps can online learning platforms (such as Coursera and Udacity) take to improve hiring-rate for their graduates?,https://www.quora.com/What-steps-can-online-learning-platforms-such-as-Coursera-and-Udacity-take-to-improve-hiring-rate-for-their-graduates, , , , , , , , , , 
How would you learn German in 30 days?,https://www.quora.com/How-would-you-learn-German-in-30-days, , , , , , , , , , 
Which college is better for Computer Science/ Computer Engineering in India - IIIT Delhi or NSIT?,https://www.quora.com/Which-college-is-better-for-Computer-Science-Computer-Engineering-in-India-IIIT-Delhi-or-NSIT, , , , , , , , , , 
Why do Americans prefer BBC over CNN?,https://www.quora.com/Why-do-Americans-prefer-BBC-over-CNN, , , , , , , , , , 
How secure is Expensify?,https://www.quora.com/How-secure-is-Expensify, , , , , , , , , , 
"What platform is the best for iOS beta testing (Testflight, Hockey, etc) on a large scale?",https://www.quora.com/What-platform-is-the-best-for-iOS-beta-testing-Testflight-Hockey-etc-on-a-large-scale, , , , , , , , , , 
How can I practice and become fluent in german if I live in a country with no contact with native speakers?,https://www.quora.com/How-can-I-practice-and-become-fluent-in-german-if-I-live-in-a-country-with-no-contact-with-native-speakers, , , , , , , , , , 
Why is 3 Idiots so popular in China?,https://www.quora.com/Why-is-3-Idiots-so-popular-in-China, , , , , , , , , , 
Which is the best custom app development company?,https://www.quora.com/Which-is-the-best-custom-app-development-company, , , , , , , , , , 
How facebook and social media has impacted the success of cross platform mobile app development?,https://www.quora.com/How-facebook-and-social-media-has-impacted-the-success-of-cross-platform-mobile-app-development, , , , , , , , , , 
What are some of Sheldon Cooper's best dialogues on The Big Bang Theory (TV series)?,https://www.quora.com/What-are-some-of-Sheldon-Coopers-best-dialogues-on-The-Big-Bang-Theory-TV-series, , , , , , , , , , 
Are flipkart/amazon/snapdeal so well maintained that they never got hacked till date?,https://www.quora.com/Are-flipkart-amazon-snapdeal-so-well-maintained-that-they-never-got-hacked-till-date, , , , , , , , , , 
What are the advantages and disadvantages of either side of driving?,https://www.quora.com/What-are-the-advantages-and-disadvantages-of-either-side-of-driving, , , , , , , , , , 
What will be the best mobile application that comes from your Idea?,https://www.quora.com/What-will-be-the-best-mobile-application-that-comes-from-your-Idea, , , , , , , , , , 
What is your advice for beginners to learn German?,https://www.quora.com/What-is-your-advice-for-beginners-to-learn-German, , , , , , , , , , 
What does information security cover?,https://www.quora.com/What-does-information-security-cover, , , , , , , , , , 
What are some of Tesla Motors' major innovations?,https://www.quora.com/What-are-some-of-Tesla-Motors-major-innovations, , , , , , , , , , 
Why doesn't Reddit have user profiles?,https://www.quora.com/Why-doesnt-Reddit-have-user-profiles, , , , , , , , , , 
Why we are earthing to electrical appliance?,https://www.quora.com/Why-we-are-earthing-to-electrical-appliance, , , , , , , , , , 
I want to be a white hat hacker? What should I do ? Should I start with Kali Linux?,https://www.quora.com/I-want-to-be-a-white-hat-hacker-What-should-I-do-Should-I-start-with-Kali-Linux, , , , , , , , , , 
How do I make an iOS app with the following features?,https://www.quora.com/How-do-I-make-an-iOS-app-with-the-following-features, , , , , , , , , , 
What is income slab for freelancer taxation in india?,https://www.quora.com/What-is-income-slab-for-freelancer-taxation-in-india, , , , , , , , , , 
Was Facebook Mark Zuckerberg's original idea?,https://www.quora.com/Was-Facebook-Mark-Zuckerbergs-original-idea, , , , , , , , , , 
How is data mining and analysis going to impact the biotechnology industry? What kind of new applications/services could then be developed in biotech?,https://www.quora.com/How-is-data-mining-and-analysis-going-to-impact-the-biotechnology-industry-What-kind-of-new-applications-services-could-then-be-developed-in-biotech, , , , , , , , , , 
I'm in the situation to choose in between iOS app developer and SAP-PI courses. Which one is better for me in order to have a stable future?,https://www.quora.com/Im-in-the-situation-to-choose-in-between-iOS-app-developer-and-SAP-PI-courses-Which-one-is-better-for-me-in-order-to-have-a-stable-future, , , , , , , , , , 
"How good is Coursera's Andrew Ng course ""Machine Learning""? Do you have to be advanced in CS logic or programming to take it?",https://www.quora.com/How-good-is-Courseras-Andrew-Ng-course-Machine-Learning-Do-you-have-to-be-advanced-in-CS-logic-or-programming-to-take-it, , , , , , , , , , 
How does King Size Male Enhancement work? Is it safe to use?,https://www.quora.com/How-does-King-Size-Male-Enhancement-work-Is-it-safe-to-use, , , , , , , , , , 
What are DataRobot Data Science interviews like?,https://www.quora.com/What-are-DataRobot-Data-Science-interviews-like, , , , , , , , , , 
What are the characteristics of good iOS developer?,https://www.quora.com/What-are-the-characteristics-of-good-iOS-developer, , , , , , , , , , 
What features can I add in my website to prevent hacking?,https://www.quora.com/What-features-can-I-add-in-my-website-to-prevent-hacking, , , , , , , , , , 
Do companies in data science field are more open to traditional models?,https://www.quora.com/Do-companies-in-data-science-field-are-more-open-to-traditional-models, , , , , , , , , , 
Is Gjøvik University a good choice for a master in Information Security?,https://www.quora.com/Is-Gjøvik-University-a-good-choice-for-a-master-in-Information-Security, , , , , , , , , , 
What is the business model for an app development company?,https://www.quora.com/What-is-the-business-model-for-an-app-development-company, , , , , , , , , , 
How can one be an IT genius?,https://www.quora.com/How-can-one-be-an-IT-genius, , , , , , , , , , 
Why do hackers hack games?,https://www.quora.com/Why-do-hackers-hack-games, , , , , , , , , , 
How much machine learning do data scientists get to do in one of Facebook's product teams?,https://www.quora.com/How-much-machine-learning-do-data-scientists-get-to-do-in-one-of-Facebooks-product-teams, , , , , , , , , , 
Why do apps and their updates come to iOS first?,https://www.quora.com/Why-do-apps-and-their-updates-come-to-iOS-first, , , , , , , , , , 
What does it require to make an ecommerce website secure for consumers?,https://www.quora.com/What-does-it-require-to-make-an-ecommerce-website-secure-for-consumers, , , , , , , , , , 
What are the best coursera courses to take together?,https://www.quora.com/What-are-the-best-coursera-courses-to-take-together, , , , , , , , , , 
What is it like to be a data scientist at Yelp?,https://www.quora.com/What-is-it-like-to-be-a-data-scientist-at-Yelp-1, , , , , , , , , , 
How much can it cost to develop an iOS app if you're all alone to develop?,https://www.quora.com/How-much-can-it-cost-to-develop-an-iOS-app-if-youre-all-alone-to-develop, , , , , , , , , , 
"Why  ""security SaaS"" or ""SaaS Security"" has not got up to speed as like rest of the software categories?",https://www.quora.com/Why-security-SaaS-or-SaaS-Security-has-not-got-up-to-speed-as-like-rest-of-the-software-categories, , , , , , , , , , 
"Who owns Google? Why are they not famous like Mark Zuckerberg, Steve Jobs, Bill Gates, etc?",https://www.quora.com/Who-owns-Google-Why-are-they-not-famous-like-Mark-Zuckerberg-Steve-Jobs-Bill-Gates-etc, , , , , , , , , , 
How can I decide which variables to choose for clustering?,https://www.quora.com/How-can-I-decide-which-variables-to-choose-for-clustering, , , , , , , , , , 
How do I submit my ideas to Apple ?,https://www.quora.com/How-do-I-submit-my-ideas-to-Apple, , , , , , , , , , 
How safe are zip passwords?,https://www.quora.com/How-safe-are-zip-passwords, , , , , , , , , , 
What are best books which can help IT or Project Manager?,https://www.quora.com/What-are-best-books-which-can-help-IT-or-Project-Manager, , , , , , , , , , 
What are the best academic articles about data science?,https://www.quora.com/What-are-the-best-academic-articles-about-data-science, , , , , , , , , , 
What brand(s) are Mark Zuckerberg's clothes?,https://www.quora.com/What-brand-s-are-Mark-Zuckerbergs-clothes, , , , , , , , , , 
How can I separate from an agency on oDesk?,https://www.quora.com/How-can-I-separate-from-an-agency-on-oDesk, , , , , , , , , , 
"Does an average (young) Indian want to become the ""next Bill Gates or Mark Zuckerberg""?",https://www.quora.com/Does-an-average-young-Indian-want-to-become-the-next-Bill-Gates-or-Mark-Zuckerberg, , , , , , , , , , 
What are the best master's programs in data related fields (e.g. data science/data analytics/big data/data architecture/data warehousing/business intelligence) for better job prospects in Canada?,https://www.quora.com/What-are-the-best-masters-programs-in-data-related-fields-e-g-data-science-data-analytics-big-data-data-architecture-data-warehousing-business-intelligence-for-better-job-prospects-in-Canada, , , , , , , , , , 
"I read about laptop webcams getting hacked. Now I'm worried about my phone's front camera. Can it be hacked too? If so, how?",https://www.quora.com/I-read-about-laptop-webcams-getting-hacked-Now-Im-worried-about-my-phones-front-camera-Can-it-be-hacked-too-If-so-how, , , , , , , , , , 
Where do I hire iPhone app developers India?,https://www.quora.com/Where-do-I-hire-iPhone-app-developers-India, , , , , , , , , , 
How do I find freelance Android developers?,https://www.quora.com/How-do-I-find-freelance-Android-developers, , , , , , , , , , 
I'm an MS graduate specialized in VLSI from a university in the USA. Due to visa restrictions I'm choosing IT. How hard is it to come back to find a job in the VLSI domain after 2 years in the IT industry?,https://www.quora.com/Im-an-MS-graduate-specialized-in-VLSI-from-a-university-in-the-USA-Due-to-visa-restrictions-Im-choosing-IT-How-hard-is-it-to-come-back-to-find-a-job-in-the-VLSI-domain-after-2-years-in-the-IT-industry, , , , , , , , , , 
Where can I learn IPhone application development?,https://www.quora.com/Where-can-I-learn-IPhone-application-development, , , , , , , , , , 
Why isn't there a minimum wages act in India for software engineers?,https://www.quora.com/Why-isnt-there-a-minimum-wages-act-in-India-for-software-engineers, , , , , , , , , , 
What is considered to be the strongest encryption algorithm?,https://www.quora.com/What-is-considered-to-be-the-strongest-encryption-algorithm, , , , , , , , , , 
What are most important publications in data mining for 2015?,https://www.quora.com/What-are-most-important-publications-in-data-mining-for-2015, , , , , , , , , , 
What are the differences between Android and iOS?,https://www.quora.com/What-are-the-differences-between-Android-and-iOS, , , , , , , , , , 
Is it possible to shift from IT field to embedded systems domain?,https://www.quora.com/Is-it-possible-to-shift-from-IT-field-to-embedded-systems-domain, , , , , , , , , , 
How can big data provide solutions in the healthcare sector?,https://www.quora.com/How-can-big-data-provide-solutions-in-the-healthcare-sector, , , , , , , , , , 
What processes did Quora use in developing its latest iOS 9 app in Swift?,https://www.quora.com/What-processes-did-Quora-use-in-developing-its-latest-iOS-9-app-in-Swift, , , , , , , , , , 
Do bank employees face more pressure than IT people?,https://www.quora.com/Do-bank-employees-face-more-pressure-than-IT-people, , , , , , , , , , 
Can we achieve singleton pattern without private constructor?,https://www.quora.com/Can-we-achieve-singleton-pattern-without-private-constructor, , , , , , , , , , 
"From a job prespective, which one is better for a M.Tech Grad(CS), Data Mining or Machine Learning?",https://www.quora.com/From-a-job-prespective-which-one-is-better-for-a-M-Tech-Grad-CS-Data-Mining-or-Machine-Learning, , , , , , , , , , 
What does information security cover?,https://www.quora.com/What-does-information-security-cover, , , , , , , , , , 
What are the best prototyping tools for Android and iPhone apps?,https://www.quora.com/What-are-the-best-prototyping-tools-for-Android-and-iPhone-apps, , , , , , , , , , 
How data science is transforming healthcare?,https://www.quora.com/How-data-science-is-transforming-healthcare, , , , , , , , , , 
How do I do a course from coursera of Entrepreneurship?,https://www.quora.com/How-do-I-do-a-course-from-coursera-of-Entrepreneurship, , , , , , , , , , 
"Which would be better in the career life of an IT professional, working in a service based industry, product based industry, or in the IT department of say a franchising company (working on some in-house product), and why?",https://www.quora.com/Which-would-be-better-in-the-career-life-of-an-IT-professional-working-in-a-service-based-industry-product-based-industry-or-in-the-IT-department-of-say-a-franchising-company-working-on-some-in-house-product-and-why, , , , , , , , , , 
Who are the best iPhone app developers in USA?,https://www.quora.com/Who-are-the-best-iPhone-app-developers-in-USA-1, , , , , , , , , , 
Is there teamwork in Data Science?,https://www.quora.com/Is-there-teamwork-in-Data-Science, , , , , , , , , , 
"Why do IT companies are hiring Civil and Mechanical students, what productivity can they bring into an IT sector?",https://www.quora.com/Why-do-IT-companies-are-hiring-Civil-and-Mechanical-students-what-productivity-can-they-bring-into-an-IT-sector, , , , , , , , , , 
"I have been trying a freelancing job for a while, but had no luck? How should the covering letter be?",https://www.quora.com/I-have-been-trying-a-freelancing-job-for-a-while-but-had-no-luck-How-should-the-covering-letter-be, , , , , , , , , , 
What questions have you encountered during an iOS developer interview?,https://www.quora.com/What-questions-have-you-encountered-during-an-iOS-developer-interview, , , , , , , , , , 
What is it like to work in cyber security?,https://www.quora.com/What-is-it-like-to-work-in-cyber-security, , , , , , , , , , 
Has indian government used data science in public health?,https://www.quora.com/Has-indian-government-used-data-science-in-public-health, , , , , , , , , , 
"How can I get a job in top companies like Google, Cisco and Microsoft without having a reference?",https://www.quora.com/How-can-I-get-a-job-in-top-companies-like-Google-Cisco-and-Microsoft-without-having-a-reference, , , , , , , , , , 
"How do people write more than 10,000 lines of code all by themselves?",https://www.quora.com/How-do-people-write-more-than-10-000-lines-of-code-all-by-themselves, , , , , , , , , , 
What mobile should I buy? Moto x play or wait for moto x style or nexus or any other under 30k. I am not getting one plus 2 invite ...so let them only keep them,https://www.quora.com/What-mobile-should-I-buy-Moto-x-play-or-wait-for-moto-x-style-or-nexus-or-any-other-under-30k-I-am-not-getting-one-plus-2-invite-so-let-them-only-keep-them, , , , , , , , , , 
"What do companies like Apple, Google, and Facebook do to prevent hacking?",https://www.quora.com/What-do-companies-like-Apple-Google-and-Facebook-do-to-prevent-hacking, , , , , , , , , , 
Why is GitHub so complex and confusing?,https://www.quora.com/Why-is-GitHub-so-complex-and-confusing, , , , , , , , , , 
"I want dual sim, good battery, and main thing good camera then tell me which smart phone is good for me budget 22k?",https://www.quora.com/I-want-dual-sim-good-battery-and-main-thing-good-camera-then-tell-me-which-smart-phone-is-good-for-me-budget-22k, , , , , , , , , , 
What are pros and cons of Joining IIITD over IIITH?,https://www.quora.com/What-are-pros-and-cons-of-Joining-IIITD-over-IIITH, , , , , , , , , , 
Is there any good future of chemical engineers in india?,https://www.quora.com/Is-there-any-good-future-of-chemical-engineers-in-india, , , , , , , , , , 
Which is the Best institute for learning python in hyderabad?,https://www.quora.com/Which-is-the-Best-institute-for-learning-python-in-hyderabad, , , , , , , , , , 
How can I treat my problem of excessive negitive thinking?,https://www.quora.com/How-can-I-treat-my-problem-of-excessive-negitive-thinking-4, , , , , , , , , , 
How do I break a career plateau in the Silicon Valley?,https://www.quora.com/How-do-I-break-a-career-plateau-in-the-Silicon-Valley, , , , , , , , , , 
What is bootstrap sweep circuit?,https://www.quora.com/What-is-bootstrap-sweep-circuit, , , , , , , , , , 
What does it look like to have access to a major company's server (when hacked)?,https://www.quora.com/What-does-it-look-like-to-have-access-to-a-major-companys-server-when-hacked, , , , , , , , , , 
"I'm 23 years old, is it too late to become a commercial pilot? And is it hard to get into?",https://www.quora.com/Im-23-years-old-is-it-too-late-to-become-a-commercial-pilot-And-is-it-hard-to-get-into, , , , , , , , , , 
"Presently I am pursuing engineering and want to do some journalism or writing related courses after my graduation, what are the courses offered and best universities to get into?",https://www.quora.com/Presently-I-am-pursuing-engineering-and-want-to-do-some-journalism-or-writing-related-courses-after-my-graduation-what-are-the-courses-offered-and-best-universities-to-get-into, , , , , , , , , , 
What does it take to become one of the top 20 chess players in the world?,https://www.quora.com/What-does-it-take-to-become-one-of-the-top-20-chess-players-in-the-world, , , , , , , , , , 
How can I become a different person?,https://www.quora.com/How-can-I-become-a-different-person, , , , , , , , , , 
Should I buy laptop from ebay?,https://www.quora.com/Should-I-buy-laptop-from-ebay, , , , , , , , , , 
What's the best software to design a neat resume/cv?,https://www.quora.com/Whats-the-best-software-to-design-a-neat-resume-cv, , , , , , , , , , 
Computer Science: Can an average CS graduate hack someone's Facebook or Quora account if they wanted?,https://www.quora.com/Computer-Science-Can-an-average-CS-graduate-hack-someones-Facebook-or-Quora-account-if-they-wanted, , , , , , , , , , 
"Tesla: I'm 18 and aspire to work as a designer at Tesla. Am I crazy? If so, ignore. If not, any advice on where to start?",https://www.quora.com/Tesla-Im-18-and-aspire-to-work-as-a-designer-at-Tesla-Am-I-crazy-If-so-ignore-If-not-any-advice-on-where-to-start, , , , , , , , , , 
"How I can check if someone using my flipkart, amazon account?",https://www.quora.com/How-I-can-check-if-someone-using-my-flipkart-amazon-account, , , , , , , , , , 
"I am 24, an engineer by profession and working in Cognizant from the last 3 years. I'm still unmarried. Will anyone marry me?",https://www.quora.com/I-am-24-an-engineer-by-profession-and-working-in-Cognizant-from-the-last-3-years-Im-still-unmarried-Will-anyone-marry-me, , , , , , , , , , 
What does 300 in gsm sim 300 refer to?,https://www.quora.com/What-does-300-in-gsm-sim-300-refer-to, , , , , , , , , , 
"Has any software engineer starting his career in companies like TCS, Infosys, Accenture, HCL ever made it to the biggies like Google, Microsoft, Facebook, Apple, Amazon, (well, you get the idea.) and what has been their approach/path for accomplishing this?",https://www.quora.com/Has-any-software-engineer-starting-his-career-in-companies-like-TCS-Infosys-Accenture-HCL-ever-made-it-to-the-biggies-like-Google-Microsoft-Facebook-Apple-Amazon-well-you-get-the-idea-and-what-has-been-their-approach-path-for-accomplishing-this, , , , , , , , , , 
How much money is required to do an MBA from Harvard or Stanford INR including the tuition fees and monthly expenses?,https://www.quora.com/How-much-money-is-required-to-do-an-MBA-from-Harvard-or-Stanford-INR-including-the-tuition-fees-and-monthly-expenses, , , , , , , , , , 
Why do I stop receiving Whatsapp messages if the phone is left idle for long?,https://www.quora.com/Why-do-I-stop-receiving-Whatsapp-messages-if-the-phone-is-left-idle-for-long, , , , , , , , , , 
Investing: What should an average Indian know about investing in securities (e.g.: NASDAQ:TSLA) listed outside of India?,https://www.quora.com/Investing/What-should-an-average-Indian-know-about-investing-in-securities-e-g-NASDAQ-TSLA-listed-outside-of-India, , , , , , , , , , 
What are some details about who made it into civil services after graduating from Thapar University?,https://www.quora.com/What-are-some-details-about-who-made-it-into-civil-services-after-graduating-from-Thapar-University, , , , , , , , , , 
"When an interviewer asks, ""I have many people applying for this job. Why should I choose you?"" , what would be an innovative answer? Any other good methods to overcome this situation?",https://www.quora.com/When-an-interviewer-asks-I-have-many-people-applying-for-this-job-Why-should-I-choose-you-what-would-be-an-innovative-answer-Any-other-good-methods-to-overcome-this-situation, , , , , , , , , , 
Is the following article about the manipulation in Chartered Accountancy exams true?,https://www.quora.com/Is-the-following-article-about-the-manipulation-in-Chartered-Accountancy-exams-true, , , , , , , , , , 
What is the greatest and toughest project ever completed in civil engineering?,https://www.quora.com/What-is-the-greatest-and-toughest-project-ever-completed-in-civil-engineering, , , , , , , , , , 
What is the benefits of having a Punjabi boyfriend?,https://www.quora.com/What-is-the-benefits-of-having-a-Punjabi-boyfriend, , , , , , , , , , 
I realized that I am very underpaid in my company. I joined as a software developer it has been just a month. What should I do?,https://www.quora.com/I-realized-that-I-am-very-underpaid-in-my-company-I-joined-as-a-software-developer-it-has-been-just-a-month-What-should-I-do, , , , , , , , , , 
Which is the Most sexually explicit movie in Hollywood?,https://www.quora.com/Which-is-the-Most-sexually-explicit-movie-in-Hollywood, , , , , , , , , , 
"Is it true that at Peking University, the electricity in dorms is turned off every night? If so, why?",https://www.quora.com/Is-it-true-that-at-Peking-University-the-electricity-in-dorms-is-turned-off-every-night-If-so-why, , , , , , , , , , 
How does sushi in Japan differ from sushi in the U.S.?,https://www.quora.com/How-does-sushi-in-Japan-differ-from-sushi-in-the-U-S, , , , , , , , , , 
What is the best way to impress a girl?,https://www.quora.com/What-is-the-best-way-to-impress-a-girl-3, , , , , , , , , , 
Do male soldiers find it hard to kill enemy female soldiers?,https://www.quora.com/Do-male-soldiers-find-it-hard-to-kill-enemy-female-soldiers, , , , , , , , , , 
What did you learn from your B.Tech. life?,https://www.quora.com/What-did-you-learn-from-your-B-Tech-life, , , , , , , , , , 
Would a robot designed to execute death row inmates violate Asimov's three laws of robotics?,https://www.quora.com/Would-a-robot-designed-to-execute-death-row-inmates-violate-Asimovs-three-laws-of-robotics, , , , , , , , , , 
"How was your experience as an intern at Microsoft India? Also, what was your routine during that period?",https://www.quora.com/How-was-your-experience-as-an-intern-at-Microsoft-India-Also-what-was-your-routine-during-that-period, , , , , , , , , , 
I need a hug and I don't have any best friends. My parents live far from my workplace. I am feeling depressed. What should I do?,https://www.quora.com/I-need-a-hug-and-I-dont-have-any-best-friends-My-parents-live-far-from-my-workplace-I-am-feeling-depressed-What-should-I-do, , , , , , , , , , 
Why do people get married?,https://www.quora.com/Why-do-people-get-married, , , , , , , , , , 
What are some things about India that foreigners don't believe until they come to India?,https://www.quora.com/What-are-some-things-about-India-that-foreigners-dont-believe-until-they-come-to-India, , , , , , , , , , 
What are some of the little known amazing facts about Bill Gates?,https://www.quora.com/What-are-some-of-the-little-known-amazing-facts-about-Bill-Gates, , , , , , , , , , 
How do I get a job in the entertainment company? How to work for a TV star?,https://www.quora.com/How-do-I-get-a-job-in-the-entertainment-company-How-to-work-for-a-TV-star, , , , , , , , , , 
"I want to sleep shirtless at night, but I am a girl and my parents wake me up each morning. How do I sleep shirtless without my parents checking on me?",https://www.quora.com/I-want-to-sleep-shirtless-at-night-but-I-am-a-girl-and-my-parents-wake-me-up-each-morning-How-do-I-sleep-shirtless-without-my-parents-checking-on-me, , , , , , , , , , 
"As an Indian, what are some views that you hold, but don't express them simply because of the slander that you would face?",https://www.quora.com/As-an-Indian-what-are-some-views-that-you-hold-but-dont-express-them-simply-because-of-the-slander-that-you-would-face, , , , , , , , , , 
How different would it be if women didn't have breasts?,https://www.quora.com/How-different-would-it-be-if-women-didnt-have-breasts, , , , , , , , , , 
What are some true instances of God in your life or throughout history?,https://www.quora.com/What-are-some-true-instances-of-God-in-your-life-or-throughout-history, , , , , , , , , , 
Philosophy of Everyday Life: What are the lessons people most often learn too late in life?,https://www.quora.com/Philosophy-of-Everyday-Life/What-are-the-lessons-people-most-often-learn-too-late-in-life, , , , , , , , , , 
What does it feel like to be a beautiful Indian woman (girl)?,https://www.quora.com/What-does-it-feel-like-to-be-a-beautiful-Indian-woman-girl, , , , , , , , , , 
What is it like to find out your girlfriend cheated on you?,https://www.quora.com/What-is-it-like-to-find-out-your-girlfriend-cheated-on-you, , , , , , , , , , 
I am a B.Tech final year student. How can I apply for a Zomato internship for 6 months?,https://www.quora.com/I-am-a-B-Tech-final-year-student-How-can-I-apply-for-a-Zomato-internship-for-6-months, , , , , , , , , , 
What is a scam that everyone needs to be warned about?,https://www.quora.com/What-is-a-scam-that-everyone-needs-to-be-warned-about, , , , , , , , , , 
What are the hacks for upcoming Flipkart's Big Billion day (Oct 2015)?,https://www.quora.com/What-are-the-hacks-for-upcoming-Flipkarts-Big-Billion-day-Oct-2015, , , , , , , , , , 
What are some simple things that really annoy people?,https://www.quora.com/What-are-some-simple-things-that-really-annoy-people, , , , , , , , , , 
Is there any highly successful start up in india that is founded by a non IIT-ian?,https://www.quora.com/Is-there-any-highly-successful-start-up-in-india-that-is-founded-by-a-non-IIT-ian, , , , , , , , , , 
What does it feel like to go from physically unattractive to attractive?,https://www.quora.com/What-does-it-feel-like-to-go-from-physically-unattractive-to-attractive, , , , , , , , , , 
Is LinkedIn ideal for job searching by freshers?,https://www.quora.com/Is-LinkedIn-ideal-for-job-searching-by-freshers, , , , , , , , , , 
"If you took every bit in a computer and reverses it, what would happen?",https://www.quora.com/If-you-took-every-bit-in-a-computer-and-reverses-it-what-would-happen, , , , , , , , , , 
Coincidences: What are some great examples of coincidence?,https://www.quora.com/Coincidences/What-are-some-great-examples-of-coincidence, , , , , , , , , , 
"In companies like Google, Facebook, Amazon, etc. what is the highest position where programming is still a big part of one's job?",https://www.quora.com/In-companies-like-Google-Facebook-Amazon-etc-what-is-the-highest-position-where-programming-is-still-a-big-part-of-ones-job, , , , , , , , , , 
"If I am an early hire, but not a founding member, what dollar amount of shares should I own for an engineering start-up?",https://www.quora.com/If-I-am-an-early-hire-but-not-a-founding-member-what-dollar-amount-of-shares-should-I-own-for-an-engineering-start-up, , , , , , , , , , 
What words should you never say when being interviewed?,https://www.quora.com/What-words-should-you-never-say-when-being-interviewed, , , , , , , , , , 
Is it possible for an Electronics student from India to get a job at Tesla motors?,https://www.quora.com/Is-it-possible-for-an-Electronics-student-from-India-to-get-a-job-at-Tesla-motors, , , , , , , , , , 
Is Windows 10 built on top of Linux?,https://www.quora.com/Is-Windows-10-built-on-top-of-Linux, , , , , , , , , , 
Interviewing: What are the best interview questions that are tricky and require presence of mind to answer them?,https://www.quora.com/Interviewing/What-are-the-best-interview-questions-that-are-tricky-and-require-presence-of-mind-to-answer-them, , , , , , , , , , 
"If I have been rejected from companies like Google and Facebook, am I capable enough to do a CS PhD?",https://www.quora.com/If-I-have-been-rejected-from-companies-like-Google-and-Facebook-am-I-capable-enough-to-do-a-CS-PhD, , , , , , , , , , 
How can I apply for a job at Elias Sports Bureau?,https://www.quora.com/How-can-I-apply-for-a-job-at-Elias-Sports-Bureau, , , , , , , , , , 
How can I motivate myself to work hard?,https://www.quora.com/How-can-I-motivate-myself-to-work-hard, , , , , , , , , , 
What are some good computer tricks that are not commonly known?,https://www.quora.com/What-are-some-good-computer-tricks-that-are-not-commonly-known, , , , , , , , , , 
Why do people become happy when they get a job at TCS or Infosys?,https://www.quora.com/Why-do-people-become-happy-when-they-get-a-job-at-TCS-or-Infosys, , , , , , , , , , 
I don't feel comfortable with my boyfriend's female friends sitting on his lap. What should I do?,https://www.quora.com/I-dont-feel-comfortable-with-my-boyfriends-female-friends-sitting-on-his-lap-What-should-I-do, , , , , , , , , , 
What is the job scene in the US for Indian candidates who have passed the US CPA?,https://www.quora.com/What-is-the-job-scene-in-the-US-for-Indian-candidates-who-have-passed-the-US-CPA, , , , , , , , , , 
Which iit jee papers were set by iit guwahati in the past?,https://www.quora.com/Which-iit-jee-papers-were-set-by-iit-guwahati-in-the-past, , , , , , , , , , 
Is it useless to study mathematics without studying proofs?,https://www.quora.com/Is-it-useless-to-study-mathematics-without-studying-proofs, , , , , , , , , , 
Is swimming a good way to build up muscles?,https://www.quora.com/Is-swimming-a-good-way-to-build-up-muscles, , , , , , , , , , 
I want to lose my belly fat. Will applying Vaseline on your stomach before running help you burn more fat faster?,https://www.quora.com/I-want-to-lose-my-belly-fat-Will-applying-Vaseline-on-your-stomach-before-running-help-you-burn-more-fat-faster, , , , , , , , , , 
"Why Dyn11 winding connection is widely used? Why not other connection like Dyn1, Dyn5, Dyn7?",https://www.quora.com/Why-Dyn11-winding-connection-is-widely-used-Why-not-other-connection-like-Dyn1-Dyn5-Dyn7, , , , , , , , , , 
I just turned 22 and already an engineering graduate and no job in hand. I have not done anything worth in my life. What should I do?,https://www.quora.com/I-just-turned-22-and-already-an-engineering-graduate-and-no-job-in-hand-I-have-not-done-anything-worth-in-my-life-What-should-I-do, , , , , , , , , , 
What are the most inspirational success stories ever around the world?,https://www.quora.com/What-are-the-most-inspirational-success-stories-ever-around-the-world, , , , , , , , , , 
What type of salary in London for a Software Engineer (PhD) with 2.5 years of experience in full stack web development and machine learning?,https://www.quora.com/What-type-of-salary-in-London-for-a-Software-Engineer-PhD-with-2-5-years-of-experience-in-full-stack-web-development-and-machine-learning, , , , , , , , , , 
What are the most important habits for eating healthy and losing weight?,https://www.quora.com/What-are-the-most-important-habits-for-eating-healthy-and-losing-weight, , , , , , , , , , 
What are some things you wish you knew before beginning your MBA at one of the IIMs?,https://www.quora.com/What-are-some-things-you-wish-you-knew-before-beginning-your-MBA-at-one-of-the-IIMs, , , , , , , , , , 
Is it bad to go to the gym 5 days a week straight as long as you switch up the exercises?,https://www.quora.com/Is-it-bad-to-go-to-the-gym-5-days-a-week-straight-as-long-as-you-switch-up-the-exercises, , , , , , , , , , 
Women: How do I treat women who flirt and act sensual to get their work done?,https://www.quora.com/Women/How-do-I-treat-women-who-flirt-and-act-sensual-to-get-their-work-done, , , , , , , , , , 
Why does Chrome use up so much RAM?,https://www.quora.com/Why-does-Chrome-use-up-so-much-RAM, , , , , , , , , , 
What is the worst argument in the world?,https://www.quora.com/What-is-the-worst-argument-in-the-world, , , , , , , , , , 
How can i enhance my physique in a month?,https://www.quora.com/How-can-i-enhance-my-physique-in-a-month, , , , , , , , , , 
